{
  "id": "falloutpnp",
  "title": "Fallout PnP 2.0",
  "description": "From Ukraine with love. Fallout PnP created by Jason Mical.",
  "license": "LICENSE.md",
  "version": "0.1.0",
  "compatibility": {
    "minimum": "11",
    "verified": "11",
    "maximum": "11"
  },
  "authors": [
    {
      "name": "Valasky Fedir Fadieiev"
    },
    {
      "name": "Martin Bahniuk"
    }
  ],
  "esmodules": [
    "main.js"
  ],
  "styles": [
    "styles.css"
  ],
  "packs": [],
  "languages": [
    {
      "lang": "en",
      "name": "English",
      "path": "lang/en.json"
    }
  ],
  "gridDistance": 1,
  "gridUnits": "m",
  "primaryTokenAttribute": "hp",
  "url": "https://github.com/FedorFadeev/falloutpnp",
  "manifest": "https://raw.githubusercontent.com/FedorFadeev/falloutpnp/main/system.json",
  "download": "https://github.com/FedorFadeev/falloutpnp/archive/refs/heads/main.zip",
  "initiative": "@sequence"
}
